<?xml version="1.0" encoding="UTF-8"?>
<!DOCTYPE mapper
	PUBLIC "-//mybatis.org//DTD Mapper 3.0//EN"
	"http://mybatis.org/dtd/mybatis-3-mapper.dtd">
<mapper namespace="com.bd.mapper.BoardMapper">

<select id="getList" resultType="com.bd.domain.BoardDTO">
	<![CDATA[SELECT * FROM plat.BOARD_INFO where board_no > 0]]>
</select>

<insert id="insert">
	insert into board_info (board_no, title, content, user_no)
	values (#{board_no}, #{title}, #{content}, #{user_no})
</insert>

<insert id="insertSelectKey">

	<selectKey keyProperty="board_no" order="BEFORE" resultType="long">
		select board_no from dual
	</selectKey>

	insert into board_info (board_no, title, content, user_no)
	values (#{board_no}, #{title}, #{content}, #{user_no})
</insert>

<select id="read" resultType="com.bd.domain.BoardDTO">
	select * from plat.BOARD_INFO where BOARD_NO = #{board_no}
</select>

<delete id="delete">
	delete from plat.board_info where board_no=#{board_no}
</delete>

<update id="update">
	update plat.board_info
	set title= #{title}
	content= #{content]
	updateDate= sysdate
	where board_no= #{board_no}
</update>
</mapper>